{
  "best_fitness_per_generation": [
    0.39,
    0.39,
    0.39,
    0.39,
    0.39
  ],
  "avg_fitness_per_generation": [
    0.3899999999999999,
    0.3899999999999999,
    0.3899999999999999,
    0.3899999999999999,
    0.3899999999999999
  ],
  "syntax_errors_per_generation": [
    20,
    20,
    20,
    20,
    20
  ],
  "execution_time_per_generation": [
    0.09291911125183105,
    0.0751028060913086,
    0.07401084899902344,
    0.07930421829223633,
    0.022688865661621094
  ]
}